{
  "version": 1,
  "author": "Anonymous maker",
  "editor": "wokwi",
  "parts": [
    { "type": "board-pi-pico-w", "id": "pico", "top": -309.25, "left": -115.65, "attrs": {} },
    {
      "type": "wokwi-led",
      "id": "led1",
      "top": -297.47,
      "left": -207.81,
      "rotate": 270,
      "attrs": { "color": "red", "flip": "1" }
    },
    {
      "type": "wokwi-resistor",
      "id": "r1",
      "top": -281.92,
      "left": -169.33,
      "attrs": { "value": "220" }
    },
    {
      "type": "wokwi-mpu6050",
      "id": "imu1",
      "top": -238.89,
      "left": 85.6,
      "rotate": 270,
      "attrs": {}
    },
    {
      "type": "board-ssd1306",
      "id": "oled1",
      "top": -27.11,
      "left": -93.09,
      "attrs": { "i2cAddress": "0x3c" }
    },
    {
      "type": "wokwi-dht22",
      "id": "dht1",
      "top": -159.6,
      "left": 83.98,
      "rotate": 90,
      "attrs": {}
    },
    {
      "type": "wokwi-led",
      "id": "led2",
      "top": -384.96,
      "left": -22.86,
      "attrs": { "color": "red" }
    }
  ],
  "connections": [
    [ "pico:GP0", "$serialMonitor:RX", "", [] ],
    [ "pico:GP1", "$serialMonitor:TX", "", [] ],
    [ "pico:GP3", "led1:A", "red", [ "h0" ] ],
    [ "r1:2", "pico:GND.1", "black", [ "v0" ] ],
    [ "led1:C", "r1:1", "black", [ "h0" ] ],
    [ "pico:GND.8", "imu1:GND", "black", [ "h103.43", "v42.23" ] ],
    [ "pico:3V3", "imu1:VCC", "red", [ "h70.64", "v14.64" ] ],
    [ "pico:3V3", "dht1:VCC", "red", [ "h71.4", "v137.41" ] ],
    [ "dht1:GND", "pico:GND.5", "black", [ "h-36.49", "v-50.44" ] ],
    [ "dht1:SDA", "pico:GP16", "gold", [ "h-83", "v-8.57" ] ],
    [ "dht1:NC", "pico:GP17", "blue", [ "h-71.56", "v-28.85" ] ],
    [ "oled1:GND", "dht1:GND", "black", [ "v0" ] ],
    [ "dht1:VCC", "oled1:VCC", "red", [ "h-15.9", "v43.63", "h-23.64" ] ],
    [ "oled1:SDA", "pico:GP16", "gold", [ "v0" ] ],
    [ "oled1:SCL", "pico:GP17", "blue", [ "v-21.39", "h24.3", "v-80.83" ] ],
    [ "imu1:SDA", "pico:GP16", "gold", [ "h-127.38", "v26.11" ] ],
    [ "imu1:SCL", "pico:GP17", "blue", [ "h-111.36", "v95.96" ] ],
    [ "pico:GND.8", "led2:C", "black", [ "h0" ] ],
    [ "pico:VSYS", "led2:A", "red", [ "h0" ] ]
  ],
  "dependencies": {}
}